FileKey,ImageSource,Multiplier,DataSource,SIFT Keypoints (Original),SIFT Keypoints (Super-Resolution),SIFT Good Matches,SIFT Match Ratio,SIFT Avg Distance,MS-SSIM,Average Perceptual Hash Functions,PSNR,NSR,LPIPS (Original),LPIPS (Super-Resolution)
AdolescenceLS_2025_Imagen3_SR_1024x1024_01,GenAI,2x,analysis/2x_results,1321,3003,1062,0.8039364118092355,40.70584170753224,0.996880054473877,0.25,41.300991190749684,0.024212493966100583,0.013590456917881966,0.25
Aladdin_1993_Imagen3_SR_1024x1024_01,GenAI,2x,analysis/2x_results,1568,3057,1225,0.78125,38.08955385733624,0.9968038201332092,0.0,41.71036412514567,0.023974856632746015,0.009878754615783691,0.0
BirdBox_2018_Imagen3_SR_1024x1024_01,GenAI,2x,analysis/2x_results,5742,36565,4164,0.7251828631138976,47.78944532746426,0.9955930113792419,0.0,34.39746821909334,0.029071907084281284,0.0308522991836071,0.0
BridgertonS1_2020_Imagen3_SR_1024x1024_01,GenAI,2x,analysis/2x_results,3210,13096,2390,0.7445482866043613,44.14667188103728,0.996479332447052,0.0,38.92419966791489,0.025690958543311996,0.013548100367188454,0.0
CarryOn_2024_Imagen3_SR_1024x1024_01,GenAI,2x,analysis/2x_results,2909,14287,2123,0.7298040563767618,41.69559212287978,0.9926700592041016,0.5,33.89556036683786,0.02950238878417724,0.03877594321966171,0.5
DahmerMonster_2022_Imagen3_SR_1024x1024_01,GenAI,2x,analysis/2x_results,993,3629,731,0.7361530715005036,40.82726878751319,0.9963037371635437,0.0,40.876936669488835,0.024463672708293114,0.02040562964975834,0.0
DontLookUp_2021_Imagen3_SR_1024x1024_01,GenAI,2x,analysis/2x_results,929,6858,681,0.7330462863293864,41.05410883640228,0.9955671429634094,0.0,37.37171201523203,0.026758206838167282,0.026005888357758522,0.0
FindingNemo_2003_Imagen3_SR_1024x1024_01,GenAI,2x,analysis/2x_results,7014,36465,5229,0.7455089820359282,47.82346811041957,0.9957542419433594,0.0,36.05498050044576,0.027735419243608707,0.02038375474512577,0.0
Frozen_2014_Imagen3_SR_1024x1024_01,GenAI,2x,analysis/2x_results,4088,13463,3170,0.775440313111546,44.1516197825832,0.9962158203125,0.5,37.19185840127177,0.026887605056213192,0.01767161674797535,0.5
InsideOut2_2024_Imagen3_SR_1024x1024_01,GenAI,2x,analysis/2x_results,614,1724,447,0.7280130293159609,48.085052262483295,0.9973094463348389,0.0,41.99305224686209,0.023813463096737018,0.009343510493636131,0.0
LupinP1_2021_Imagen3_SR_1024x1024_01,GenAI,2x,analysis/2x_results,4985,16814,3721,0.7464393179538615,40.263037247703906,0.996722400188446,0.0,36.857168231817326,0.027131764266597667,0.01806938275694847,0.0
MoneyHeistP4_2020_Imagen3_SR_1024x1024_01,GenAI,2x,analysis/2x_results,1988,9867,1421,0.7147887323943662,39.254893271961656,0.9961373209953308,0.0,36.81875703437954,0.027160069501158048,0.023307010531425476,0.0
MoneyHeistP5_2021_Imagen3_SR_1024x1024_01,GenAI,2x,analysis/2x_results,1070,8190,791,0.7392523364485981,38.40573132279248,0.9961960911750793,0.25,37.33821383337932,0.026782213109134534,0.02218738943338394,0.25
NeZha2_2025_Imagen3_SR_1024x1024_01,GenAI,2x,analysis/2x_results,1096,3086,812,0.7408759124087592,35.87263467761096,0.9964171051979065,0.25,40.168864567349644,0.024894903323028638,0.013732914812862873,0.25
RedNotice_2021_Imagen3_SR_1024x1024_01,GenAI,2x,analysis/2x_results,1862,11750,1325,0.7116004296455424,43.3404144261918,0.9954625964164734,0.25,37.18906565600942,0.02688962420432332,0.018094247207045555,0.25
Shrek2_2004_Imagen3_SR_1024x1024_01,GenAI,2x,analysis/2x_results,4824,16759,3762,0.7798507462686567,41.104759032678125,0.9969721436500549,0.5,38.06250434650398,0.02627257499654905,0.015180334448814392,0.5
SnowWhite_1938_Imagen3_SR_1024x1024_01,GenAI,2x,analysis/2x_results,3720,9314,2885,0.7755376344086021,40.35747018781857,0.996453583240509,0.25,40.84623287247225,0.024482061861668916,0.012937106192111969,0.25
SquidGameS1_2021_Imagen3_SR_1024x1024_01,GenAI,2x,analysis/2x_results,1048,6221,745,0.7108778625954199,39.10049972806201,0.9947579503059387,0.25,34.60296594071931,0.028899256835762804,0.03355361893773079,0.25
SquidGameS2_2024_Imagen3_SR_1024x1024_01,GenAI,2x,analysis/2x_results,2203,10588,1701,0.7721289151157512,36.9335750339313,0.9963200688362122,0.25,34.6924069008634,0.028824751273602543,0.02663435786962509,0.25
StrangerThingsS4_2022_Imagen3_SR_1024x1024_01,GenAI,2x,analysis/2x_results,1182,5329,882,0.7461928934010152,45.619821834185764,0.9961825013160706,0.0,40.432123272655105,0.024732809436112797,0.021549170836806297,0.0
TheAdamProject_2022_Imagen3_SR_1024x1024_01,GenAI,2x,analysis/2x_results,6996,40275,5211,0.7448542024013722,45.764726733891436,0.9959231019020081,0.25,34.754083067725745,0.028773597566976134,0.024276873096823692,0.25
TheLionKing_1994_Imagen3_SR_1024x1024_01,GenAI,2x,analysis/2x_results,2606,7768,1993,0.7647735993860323,43.040967821596375,0.9957310557365417,0.25,39.67547693583857,0.02520448592507548,0.011122599244117737,0.25
TheLionKing_2019_Imagen3_SR_1024x1024_01,GenAI,2x,analysis/2x_results,5993,54991,4415,0.7366928082763223,45.45291277897857,0.9945027232170105,0.25,31.56247977594549,0.03168318861821889,0.023510510101914406,0.25
ToyStory3_2010_Imagen3_SR_1024x1024_01,GenAI,2x,analysis/2x_results,1457,2366,1162,0.7975291695264242,37.62948677902993,0.996945858001709,0.0,43.93113989877797,0.022762896712994623,0.009224200621247292,0.0
WednesdayS1_2022_Imagen3_SR_1024x1024_01,GenAI,2x,analysis/2x_results,3060,14450,2258,0.7379084967320262,47.081641107560046,0.9962756037712097,0.0,38.37911360833918,0.026055838866031435,0.019418073818087578,0.0
AdolescenceLS_2025_Imagen3_SR_1024x1024_01,GenAI,4x,analysis/4x_results,1321,3634,1035,0.7834973504920515,49.04362359576755,0.9981943964958191,0.25,40.831309716597644,0.02449100964286499,0.015808887779712677,0.25
Aladdin_1993_Imagen3_SR_1024x1024_01,GenAI,4x,analysis/4x_results,1568,3532,1196,0.7627551020408163,46.39128454662486,0.9983623623847961,0.0,42.04350167044964,0.023784888514717887,0.012621988542377949,0.0
BirdBox_2018_Imagen3_SR_1024x1024_01,GenAI,4x,analysis/4x_results,5742,58450,4012,0.6987112504353884,58.68190911124021,0.9969279766082764,0.0,34.03280823498391,0.02938341123939497,0.03360331058502197,0.0
BridgertonS1_2020_Imagen3_SR_1024x1024_01,GenAI,4x,analysis/4x_results,3210,16872,2292,0.7140186915887851,53.905939272925075,0.9978446960449219,0.0,39.005806667167114,0.025637208545202156,0.016315428540110588,0.0
CarryOn_2024_Imagen3_SR_1024x1024_01,GenAI,4x,analysis/4x_results,2909,22418,2089,0.7181161911309728,51.42548133928619,0.9871127605438232,0.25,32.71013541975555,0.030571564047883516,0.05407040938735008,0.25
DahmerMonster_2022_Imagen3_SR_1024x1024_01,GenAI,4x,analysis/4x_results,993,4225,726,0.7311178247734139,48.51811196554463,0.9976235032081604,0.0,40.765568785376445,0.024530505271858814,0.02224961295723915,0.0
DontLookUp_2021_Imagen3_SR_1024x1024_01,GenAI,4x,analysis/4x_results,929,11444,650,0.6996770721205597,50.11275308498969,0.9958030581474304,0.0,36.303540199982855,0.027545522957027543,0.045446597039699554,0.0
FindingNemo_2003_Imagen3_SR_1024x1024_01,GenAI,4x,analysis/4x_results,7014,53908,5014,0.714856002281152,57.616043528761104,0.9971292614936829,0.5,36.56232883464836,0.027350555390562213,0.022097185254096985,0.5
Frozen_2014_Imagen3_SR_1024x1024_01,GenAI,4x,analysis/4x_results,4088,15456,3022,0.7392367906066536,52.72173681454813,0.997840940952301,0.5,36.46832657685061,0.02742105530651853,0.02128489315509796,0.5
InsideOut2_2024_Imagen3_SR_1024x1024_01,GenAI,4x,analysis/4x_results,614,2101,438,0.7133550488599348,58.112049389103234,0.9985087513923645,0.0,41.54915379294023,0.024067878854608916,0.018787827342748642,0.0
LupinP1_2021_Imagen3_SR_1024x1024_01,GenAI,4x,analysis/4x_results,4985,19546,3480,0.6980942828485457,48.88210522587272,0.9969789385795593,0.0,35.83898046725623,0.027902579452940512,0.020579231902956963,0.0
MoneyHeistP4_2020_Imagen3_SR_1024x1024_01,GenAI,4x,analysis/4x_results,1988,13030,1344,0.676056338028169,46.16206130793407,0.9968544840812683,0.0,36.20991548672225,0.02761674493183195,0.03997224569320679,0.0
MoneyHeistP5_2021_Imagen3_SR_1024x1024_01,GenAI,4x,analysis/4x_results,1070,14476,733,0.6850467289719626,45.74591576613964,0.9968698620796204,0.25,36.77066054184433,0.02719559521815004,0.032350726425647736,0.25
NeZha2_2025_Imagen3_SR_1024x1024_01,GenAI,4x,analysis/4x_results,1096,4340,797,0.7271897810218978,44.64353524920632,0.9981984496116638,0.25,39.589465923089605,0.025259244515768373,0.01959957741200924,0.25
RedNotice_2021_Imagen3_SR_1024x1024_01,GenAI,4x,analysis/4x_results,1862,19232,1237,0.6643394199785178,54.09952182719663,0.9968753457069397,0.5,36.83812617002663,0.027145788995468798,0.01973932422697544,0.5
Shrek2_2004_Imagen3_SR_1024x1024_01,GenAI,4x,analysis/4x_results,4824,21570,3614,0.7491708126036484,50.651797208194914,0.9981069564819336,0.5,38.14735255557115,0.026214138937774255,0.01820889301598072,0.5
SnowWhite_1938_Imagen3_SR_1024x1024_01,GenAI,4x,analysis/4x_results,3720,9574,2765,0.7432795698924731,49.23057018736172,0.9984871745109558,0.25,42.321095739288154,0.02362887780978849,0.015952464193105698,0.25
SquidGameS1_2021_Imagen3_SR_1024x1024_01,GenAI,4x,analysis/4x_results,1048,10477,718,0.6851145038167938,49.97791029583445,0.9927733540534973,0.0,32.97324688576882,0.030327616915142127,0.07265177369117737,0.0
SquidGameS2_2024_Imagen3_SR_1024x1024_01,GenAI,4x,analysis/4x_results,2203,13552,1608,0.7299137539718565,44.83527566559279,0.9966005682945251,0.0,33.468497343848604,0.02987884366980093,0.04436078667640686,0.0
StrangerThingsS4_2022_Imagen3_SR_1024x1024_01,GenAI,4x,analysis/4x_results,1182,6418,839,0.7098138747884941,54.0857768095719,0.9978325963020325,0.0,40.36021144426438,0.024776877132592693,0.02118409052491188,0.0
TheAdamProject_2022_Imagen3_SR_1024x1024_01,GenAI,4x,analysis/4x_results,6996,60589,4938,0.7058319039451115,56.18212066149606,0.9971976280212402,0.25,34.672441481917645,0.028841349419293692,0.026226114481687546,0.25
TheLionKing_1994_Imagen3_SR_1024x1024_01,GenAI,4x,analysis/4x_results,2606,10273,1919,0.7363775901765157,52.115411253445096,0.9977409839630127,0.25,39.47690027918381,0.02533126950008536,0.01564544066786766,0.25
TheLionKing_2019_Imagen3_SR_1024x1024_01,GenAI,4x,analysis/4x_results,5993,106342,4227,0.705322876689471,56.27901340467247,0.9949150681495667,0.25,31.118974618138573,0.0321347349091998,0.02845168113708496,0.25
ToyStory3_2010_Imagen3_SR_1024x1024_01,GenAI,4x,analysis/4x_results,1457,2287,1142,0.7838023335621139,45.14510769539247,0.9987109303474426,0.0,46.21204390354429,0.021639380462964194,0.007906392216682434,0.0
WednesdayS1_2022_Imagen3_SR_1024x1024_01,GenAI,4x,analysis/4x_results,3060,19173,2212,0.722875816993464,56.24884313431183,0.9979875683784485,0.0,38.40769159205329,0.026036451516573418,0.021141771227121353,0.0
0801x2,Control,2x,analysis/control_results_2x,11452,31043,9130,0.7972406566538596,45.57212569489014,0.9985808730125427,0.0,36.613823176468266,0.02731208907576472,0.02275685966014862,0.0
0802x2,Control,2x,analysis/control_results_2x,1778,4997,1487,0.8363329583802025,32.12136052243246,0.998741626739502,0.25,41.616794945276744,0.02402876053561866,0.007490036077797413,0.25
0803x2,Control,2x,analysis/control_results_2x,811,1882,674,0.8310727496917386,30.35060722891584,0.9992533326148987,0.75,43.21120506405926,0.023142145619811604,0.005375258158892393,0.75
0804x2,Control,2x,analysis/control_results_2x,7119,21859,5432,0.7630285152409046,46.85387646080995,0.9963355660438538,0.0,32.99099026090262,0.03031130596843868,0.03311673179268837,0.0
0805x2,Control,2x,analysis/control_results_2x,7662,21614,6034,0.7875228399895589,44.61431208457384,0.9967904686927795,0.0,34.859447569247386,0.028686627865043644,0.03675796091556549,0.0
0806x2,Control,2x,analysis/control_results_2x,3056,9738,2349,0.768651832460733,40.706772211664735,0.997183620929718,0.0,33.64464859810108,0.029722408812926062,0.01915692910552025,0.0
0807x2,Control,2x,analysis/control_results_2x,6994,26159,4921,0.7036030883614527,47.577311352752275,0.9836955070495605,0.0,25.069681423547138,0.03988881961063663,0.10100749880075455,0.0
0808x2,Control,2x,analysis/control_results_2x,3549,12394,2608,0.7348548887010425,47.05913722405404,0.9946773648262024,0.25,31.700132335226403,0.03154560963421473,0.03799045458436012,0.25
0809x2,Control,2x,analysis/control_results_2x,7497,19872,5934,0.7915166066426571,45.17987299562103,0.9989212155342102,0.5,40.474212997068065,0.0247070894268516,0.014381898567080498,0.5
0810x2,Control,2x,analysis/control_results_2x,6861,29924,5183,0.7554292377204489,47.061634150085915,0.9965364336967468,0.0,33.13329614681788,0.030181120392274646,0.03047073632478714,0.0
0811x2,Control,2x,analysis/control_results_2x,7897,24094,6088,0.7709256679751805,46.394940723551244,0.9967327117919922,0.0,35.651644809627285,0.028049196757675605,0.040978848934173584,0.0
0812x2,Control,2x,analysis/control_results_2x,5415,18627,4078,0.7530932594644506,45.11836681861747,0.9964349865913391,0.0,33.39748345959617,0.029942375784384676,0.03263907507061958,0.0
0813x2,Control,2x,analysis/control_results_2x,3880,10000,3078,0.7932989690721649,41.66429803118139,0.9976412653923035,0.0,36.723289368581966,0.027230676151127526,0.021985527127981186,0.0
0814x2,Control,2x,analysis/control_results_2x,3153,10267,2342,0.7427846495401205,46.380756128964315,0.9976302981376648,0.5,33.883668352592,0.029512743118426346,0.02019544504582882,0.5
0815x2,Control,2x,analysis/control_results_2x,3779,6885,3147,0.8327599894151893,36.968316054624495,0.998717725276947,0.5,39.912946109104645,0.025054527352263968,0.015463756397366524,0.5
0816x2,Control,2x,analysis/control_results_2x,4118,12533,3170,0.7697911607576493,44.20846788962181,0.9972724914550781,0.0,37.27682113593123,0.026826321814123182,0.027664432302117348,0.0
0817x2,Control,2x,analysis/control_results_2x,6033,12762,4856,0.8049063484170396,42.02845647889366,0.9979491233825684,0.5,37.91803123562848,0.02637267725705077,0.019807057455182076,0.5
0818x2,Control,2x,analysis/control_results_2x,6507,16839,5014,0.7705547871522975,44.08983003615287,0.9984419941902161,0.0,34.66992030525045,0.02884344674563786,0.018672160804271698,0.0
0819x2,Control,2x,analysis/control_results_2x,8993,28353,6869,0.7638163015678862,47.83842671929289,0.9977970719337463,0.0,34.40281730659766,0.029067386868,0.028706517070531845,0.0
0820x2,Control,2x,analysis/control_results_2x,8503,25618,6298,0.740679760084676,47.4492853002421,0.9957424998283386,0.25,30.056886763362535,0.033270245447340786,0.034513797610998154,0.25
0821x2,Control,2x,analysis/control_results_2x,6204,11657,4840,0.7801418439716312,36.46754055887707,0.9990436434745789,0.5,35.22657523147168,0.028387658846455013,0.010579361580312252,0.5
0822x2,Control,2x,analysis/control_results_2x,10584,22913,8463,0.7996031746031746,41.59787823762875,0.9983937740325928,0.0,36.42078388833791,0.027456849997130467,0.01887861266732216,0.0
0823x2,Control,2x,analysis/control_results_2x,4959,14449,3776,0.7614438394837669,46.6486635774816,0.995201587677002,0.0,31.11393709174529,0.032139937708664516,0.034476157277822495,0.0
0824x2,Control,2x,analysis/control_results_2x,2887,7722,2150,0.744717700034638,40.46299318402313,0.9971569180488586,0.25,32.211572944329674,0.031044742885678725,0.025278635323047638,0.25
0825x2,Control,2x,analysis/control_results_2x,7468,18979,5797,0.7762453133369042,43.51657534443512,0.9969673752784729,0.75,32.540981158071716,0.030730480901678413,0.03127004951238632,0.75
0826x2,Control,2x,analysis/control_results_2x,5722,17714,4169,0.7285914016078294,47.86670627154215,0.9904670715332031,0.5,28.82346621826518,0.03469395361499959,0.05488259345293045,0.5
0827x2,Control,2x,analysis/control_results_2x,965,2792,745,0.772020725388601,41.8069563472031,0.9969056248664856,0.0,38.01676063798681,0.02630418750094104,0.03491507098078728,0.0
0828x2,Control,2x,analysis/control_results_2x,536,920,418,0.7798507462686567,28.745265800416753,0.9925068020820618,0.5,23.654283221992966,0.042275641608545265,0.04293864965438843,0.5
0829x2,Control,2x,analysis/control_results_2x,2399,6454,1812,0.7553147144643602,39.480825194525664,0.9810891151428223,0.25,30.81490185904415,0.03245183140852681,0.10011285543441772,0.25
0830x2,Control,2x,analysis/control_results_2x,2979,10184,2196,0.7371601208459214,48.314947914881785,0.9910668730735779,0.0,29.788931264168497,0.033569515842377544,0.04941711574792862,0.0
0831x2,Control,2x,analysis/control_results_2x,5712,13714,4447,0.7785364145658263,44.12907389254685,0.9977704882621765,0.0,35.62304242351688,0.028071717965892796,0.022708900272846222,0.0
0832x2,Control,2x,analysis/control_results_2x,5885,17610,4609,0.7831775700934579,46.64448403163752,0.9982712268829346,0.25,37.755278794075636,0.026486362488651913,0.014942584559321404,0.25
0833x2,Control,2x,analysis/control_results_2x,1295,4203,1023,0.78996138996139,39.53055989415998,0.9980242252349854,0.75,38.63991242634536,0.02587997583861455,0.02210872806608677,0.75
0834x2,Control,2x,analysis/control_results_2x,5087,21039,3744,0.7359937094554747,46.534178829027546,0.9957630038261414,0.25,30.92993763147176,0.03233113535225762,0.03827521950006485,0.25
0835x2,Control,2x,analysis/control_results_2x,11063,39970,8066,0.7290969899665551,46.617880346223494,0.990803062915802,0.0,28.262984984167083,0.035381966928128776,0.0852249339222908,0.0
0836x2,Control,2x,analysis/control_results_2x,4391,14087,3163,0.7203370530630836,42.58823784314263,0.994068443775177,0.0,30.35143697660629,0.032947369205970745,0.035284724086523056,0.0
0837x2,Control,2x,analysis/control_results_2x,8260,20997,6400,0.774818401937046,44.828531129211186,0.9967477917671204,0.0,31.057576103951142,0.03219826288609754,0.03414025157690048,0.0
0838x2,Control,2x,analysis/control_results_2x,865,2084,739,0.8543352601156069,36.32718664206091,0.9980387687683105,0.0,43.35916195448518,0.023063176383568397,0.024382401257753372,0.0
0839x2,Control,2x,analysis/control_results_2x,6116,16801,4634,0.7576847612818836,44.87754573791666,0.9971300959587097,0.0,34.602500518024875,0.028899645546687804,0.02857484109699726,0.0
0840x2,Control,2x,analysis/control_results_2x,9146,23830,7181,0.7851519790072162,43.62200170724675,0.997822105884552,0.0,34.39562803002509,0.029073462450723876,0.028885791078209877,0.0
0841x2,Control,2x,analysis/control_results_2x,5093,15398,3949,0.775377969762419,45.70542816238543,0.9972454905509949,0.25,33.885454546527825,0.029511187421933757,0.028569761663675308,0.25
0842x2,Control,2x,analysis/control_results_2x,4459,15461,3481,0.7806683112805561,44.419453010686475,0.997715413570404,0.25,35.65929833881623,0.028043176579037443,0.021544257178902626,0.25
0843x2,Control,2x,analysis/control_results_2x,240,404,211,0.8791666666666667,29.63939072961491,0.9996089935302734,3.0,43.757539535117395,0.022853204513417737,0.006250164471566677,3.0
0844x2,Control,2x,analysis/control_results_2x,614,837,497,0.8094462540716613,33.28402716101295,0.9993557929992676,0.0,46.7438445104719,0.021393191135058918,0.002758161397650838,0.0
0845x2,Control,2x,analysis/control_results_2x,5974,15164,4163,0.6968530297957817,38.60270396643123,0.9925942420959473,0.0,27.91720295375283,0.035820207406042186,0.04681212455034256,0.0
0846x2,Control,2x,analysis/control_results_2x,4626,10941,3579,0.7736705577172504,42.98737771473107,0.9921552538871765,0.0,29.693372406322073,0.033677548858919375,0.043178290128707886,0.0
0847x2,Control,2x,analysis/control_results_2x,5079,15721,3966,0.780862374483166,43.86990805551132,0.996192991733551,0.0,32.87819272095205,0.030415297108552355,0.023456275463104248,0.0
0848x2,Control,2x,analysis/control_results_2x,3755,10343,2804,0.7467376830892144,39.670880361519934,0.9929158687591553,0.0,31.188172585302944,0.032063436780878855,0.03617776185274124,0.0
0849x2,Control,2x,analysis/control_results_2x,12031,34880,8960,0.744742747901255,46.240066421670576,0.9957265257835388,0.25,26.884820982119088,0.03719570982693518,0.0439247265458107,0.25
0850x2,Control,2x,analysis/control_results_2x,4240,10308,3206,0.7561320754716981,44.51748262337425,0.9959607124328613,0.25,33.41781485944794,0.029924158841800465,0.032647889107465744,0.25
0851x2,Control,2x,analysis/control_results_2x,3305,9931,2307,0.6980332829046899,47.42691335189275,0.9973607659339905,0.25,34.22984673840741,0.029214270447724663,0.01589522883296013,0.25
0852x2,Control,2x,analysis/control_results_2x,2421,11331,1783,0.7364725320115655,49.10886799787713,0.9967343807220459,0.0,35.80453300920275,0.0279294244598295,0.03116500750184059,0.0
0853x2,Control,2x,analysis/control_results_2x,2507,6144,2025,0.8077383326685281,43.252574800444236,0.9987604022026062,0.0,40.63918841217826,0.024606790614458536,0.011011017486453056,0.0
0854x2,Control,2x,analysis/control_results_2x,5676,16694,4304,0.7582804792107117,46.5402541456114,0.9940019249916077,0.5,29.871097919756906,0.03347717592056081,0.04345918446779251,0.5
0855x2,Control,2x,analysis/control_results_2x,6278,19104,4817,0.7672825740681746,44.79814820861777,0.993259608745575,0.25,34.69584244883521,0.028821897075266768,0.07345854490995407,0.25
0856x2,Control,2x,analysis/control_results_2x,8096,37466,5929,0.7323369565217391,49.22553253913734,0.995522677898407,0.0,31.21814419672438,0.03203265362919705,0.044011663645505905,0.0
0857x2,Control,2x,analysis/control_results_2x,599,920,503,0.8397328881469115,33.546883312892724,0.9924420714378357,0.0,38.64089657591985,0.025879316698442706,0.14108756184577942,0.0
0858x2,Control,2x,analysis/control_results_2x,6977,22466,5316,0.761932062491042,46.37845016622382,0.9964444041252136,0.0,34.19286688088853,0.029245865913598824,0.03433534502983093,0.0
0859x2,Control,2x,analysis/control_results_2x,8322,31185,6225,0.7480173035328046,47.65467749972899,0.9943159222602844,0.0,31.098829638056948,0.032155550920677026,0.046250101178884506,0.0
0860x2,Control,2x,analysis/control_results_2x,12422,49691,9097,0.7323297375623893,47.231063268309676,0.9924597144126892,0.0,26.216183382258627,0.038144377670043826,0.09954236447811127,0.0
0861x2,Control,2x,analysis/control_results_2x,5764,17895,4186,0.7262317834836919,47.35116309106948,0.9916113018989563,0.0,27.753966945418966,0.03603088531331766,0.07386810332536697,0.0
0862x2,Control,2x,analysis/control_results_2x,1417,4747,1108,0.7819336626676077,39.47554173301704,0.9951638579368591,1.0,38.08205276748633,0.026259088660624392,0.05287395417690277,1.0
0863x2,Control,2x,analysis/control_results_2x,2954,6178,2424,0.8205822613405552,35.920012628678045,0.9982431530952454,0.5,38.423844315415934,0.02602550624011332,0.01347547397017479,0.5
0864x2,Control,2x,analysis/control_results_2x,6967,18443,5421,0.7780967417826898,44.661395113553056,0.9966866374015808,0.0,35.802854995233645,0.027930733460589323,0.036472026258707047,0.0
0865x2,Control,2x,analysis/control_results_2x,5401,15903,4048,0.7494908350305499,44.05525902702875,0.993929922580719,0.0,32.266623677925736,0.030991776827400775,0.054237328469753265,0.0
0866x2,Control,2x,analysis/control_results_2x,8657,26525,6785,0.7837588079011205,44.15155709533017,0.9961139559745789,0.25,30.73849623075578,0.03253249581544063,0.04355606064200401,0.25
0867x2,Control,2x,analysis/control_results_2x,7038,20254,5460,0.7757885763000852,42.88739471828544,0.9975016713142395,0.25,34.24572620864244,0.029200724023415062,0.02458479255437851,0.25
0868x2,Control,2x,analysis/control_results_2x,1445,4674,1114,0.7709342560553634,42.39689937271378,0.9988909363746643,1.75,37.220540380315896,0.026866885590109555,0.007129575591534376,1.75
0869x2,Control,2x,analysis/control_results_2x,5692,19548,4260,0.7484188334504568,43.18305005960062,0.9954288005828857,0.0,28.80521563866907,0.03471593521617548,0.04365082457661629,0.0
0870x2,Control,2x,analysis/control_results_2x,13788,32960,10958,0.794749057151146,45.15548824332757,0.9986652731895447,0.25,36.04146115094175,0.027745822951294814,0.02329043298959732,0.25
0871x2,Control,2x,analysis/control_results_2x,5060,11823,4087,0.8077075098814229,41.352256472226834,0.9985573291778564,0.0,37.70089979484388,0.026524565870885763,0.016870509833097458,0.0
0872x2,Control,2x,analysis/control_results_2x,8491,32363,6380,0.7513838181604051,44.623066459479375,0.9949111342430115,0.75,29.17938310159323,0.0342707725011979,0.037619661539793015,0.75
0873x2,Control,2x,analysis/control_results_2x,8003,22841,5872,0.7337248531800574,47.251710152471745,0.9921638369560242,0.0,29.090409014140064,0.03437559092118392,0.0686548501253128,0.0
0874x2,Control,2x,analysis/control_results_2x,3460,11129,2593,0.749421965317919,43.80677831701638,0.9955088496208191,0.75,35.18866584536709,0.028418241384723007,0.0388280414044857,0.75
0875x2,Control,2x,analysis/control_results_2x,9149,33962,6481,0.7083834298830474,45.68457649471841,0.9931098818778992,0.25,29.475811372728202,0.0339261229268561,0.051279280334711075,0.25
0876x2,Control,2x,analysis/control_results_2x,7847,30699,5521,0.7035809863642156,48.47052211935074,0.9875285625457764,0.25,27.175897256197615,0.03679731309596206,0.11038971692323685,0.25
0877x2,Control,2x,analysis/control_results_2x,1256,2182,1016,0.8089171974522293,38.52078450007701,0.9992277026176453,0.0,44.38595669912835,0.02252964843764735,0.009596414864063263,0.0
0878x2,Control,2x,analysis/control_results_2x,6790,14316,5368,0.7905743740795287,40.497736618278104,0.9986407160758972,0.5,37.31582863488092,0.0267982793517615,0.019571198150515556,0.5
0879x2,Control,2x,analysis/control_results_2x,4994,14962,3726,0.7460953143772527,45.92196917530675,0.9966047406196594,1.0,32.41580597975493,0.030849148116956993,0.022661974653601646,1.0
0880x2,Control,2x,analysis/control_results_2x,5492,16816,4275,0.7784049526584123,48.32063001504419,0.9985427260398865,0.0,38.615936714775806,0.025896044096668645,0.013091713190078735,0.0
0881x2,Control,2x,analysis/control_results_2x,3515,13560,2584,0.7351351351351352,47.740842224090095,0.9937188029289246,0.25,31.275206307733384,0.031974209543510865,0.03759276866912842,0.25
0882x2,Control,2x,analysis/control_results_2x,2537,4875,2145,0.8454867954276705,31.821589074434932,0.9990189075469971,0.0,38.99598245816369,0.025643667295030623,0.008176158182322979,0.0
0883x2,Control,2x,analysis/control_results_2x,10252,55858,7712,0.7522434646898166,47.83703773997384,0.9978339076042175,0.0,34.902646312130585,0.02865112264144983,0.026564911007881165,0.0
0884x2,Control,2x,analysis/control_results_2x,7694,23474,5810,0.7551338705484794,44.16991671830569,0.9949145317077637,0.0,31.034801058061845,0.032221891744340085,0.039813727140426636,0.0
0885x2,Control,2x,analysis/control_results_2x,8381,33229,5749,0.6859563297935807,38.903924561641716,0.9867956042289734,0.5,28.042041058962663,0.035660742308213145,0.0675460547208786,0.5
0886x2,Control,2x,analysis/control_results_2x,1571,3325,1294,0.8236791852323361,38.297419502432966,0.997866690158844,0.0,42.11164674784902,0.023746399802118352,0.03520677611231804,0.0
0887x2,Control,2x,analysis/control_results_2x,7410,26755,5430,0.7327935222672065,47.58296388743332,0.9946699142456055,0.0,30.707123137750266,0.03256573386943679,0.04377194494009018,0.0
0888x2,Control,2x,analysis/control_results_2x,5159,10479,4130,0.8005427408412483,40.84691230436791,0.9978256821632385,0.25,35.34271973781021,0.028294370309316745,0.019677288830280304,0.25
0889x2,Control,2x,analysis/control_results_2x,10511,19736,8545,0.8129578536771002,43.97928967870698,0.9991459846496582,0.0,37.46554188911097,0.026691192748786615,0.011172540485858917,0.0
0890x2,Control,2x,analysis/control_results_2x,4641,14939,3343,0.720318896789485,46.77772642044903,0.9916343092918396,0.25,29.87980929551909,0.03346741574250825,0.0724516436457634,0.25
0891x2,Control,2x,analysis/control_results_2x,5919,13352,4432,0.7487751309342794,43.24776130952345,0.9950392842292786,0.0,30.70335036703296,0.032569735486382874,0.031989920884370804,0.0
0892x2,Control,2x,analysis/control_results_2x,3139,5321,2575,0.8203249442497611,37.938648732333505,0.9982163310050964,0.5,34.18377482818612,0.02925364460262748,0.024502160027623177,0.5
0893x2,Control,2x,analysis/control_results_2x,2085,3731,1733,0.8311750599520383,33.876727810225184,0.9949644207954407,0.0,37.34202471336118,0.02677947989365972,0.047900259494781494,0.0
0894x2,Control,2x,analysis/control_results_2x,5117,12716,3888,0.7598202071526285,43.29337797225012,0.9982444643974304,0.25,36.86738618455145,0.027124244582845698,0.01495739072561264,0.25
0895x2,Control,2x,analysis/control_results_2x,8829,38251,6297,0.7132178049609242,50.453833179907775,0.991340696811676,0.0,25.883844759388307,0.03863413682533739,0.09963998198509216,0.0
0896x2,Control,2x,analysis/control_results_2x,1053,1940,853,0.8100664767331434,36.93815832344896,0.9982120990753174,0.5,42.485142735745676,0.023537640116214818,0.015541552565991879,0.5
0897x2,Control,2x,analysis/control_results_2x,14605,49123,11137,0.7625470729202328,32.243611872875896,0.9964123368263245,0.25,27.75434109423397,0.03603039959063386,0.024785097688436508,0.25
0898x2,Control,2x,analysis/control_results_2x,2821,7027,2242,0.7947536334633108,47.07404522625705,0.9974281191825867,1.25,40.4887662362681,0.024698208736828414,0.026832720264792442,1.25
0899x2,Control,2x,analysis/control_results_2x,2183,4002,1788,0.8190563444800733,33.59207271296172,0.9975204467773438,0.0,32.96637280767601,0.0303339407654565,0.01580238714814186,0.0
0900x2,Control,2x,analysis/control_results_2x,4593,13038,3426,0.7459177008491182,44.64529378707828,0.9966023564338684,0.0,32.84393966976172,0.030447017320539824,0.024345172569155693,0.0
801,Control,4x,analysis/control_results_4x,3201,31043,2416,0.7547641362074352,58.38719253192674,0.9908244013786316,0.0,29.411629201731586,0.03400015664351996,0.08188963681459427,0.0
802,Control,4x,analysis/control_results_4x,965,4997,810,0.8393782383419689,40.679618636472725,0.9962244033813477,0.25,34.91166756829467,0.02864371912466761,0.032485637813806534,0.25
803,Control,4x,analysis/control_results_4x,471,1882,385,0.8174097664543525,40.76052945743908,0.996788740158081,0.75,35.548745382780645,0.0281303879850676,0.027512378990650177,0.75
804,Control,4x,analysis/control_results_4x,2023,21859,1453,0.7182402372713791,55.75992312434617,0.983192503452301,0.5,26.960171797485152,0.037091751770412684,0.08834381401538849,0.5
805,Control,4x,analysis/control_results_4x,1993,21614,1501,0.7531359759157049,53.155080404859795,0.9879205822944641,0.0,29.074242713853348,0.034394704957302916,0.10345740616321564,0.0
806,Control,4x,analysis/control_results_4x,1064,9738,796,0.7481203007518797,49.48733851178807,0.9854024052619934,0.0,27.579636686324097,0.03625863572364858,0.07630974054336548,0.0
807,Control,4x,analysis/control_results_4x,1753,26159,1239,0.7067883628066173,56.77077654083474,0.929614245891571,0.25,20.633931138568556,0.04846386242565377,0.28478217124938965,0.25
808,Control,4x,analysis/control_results_4x,964,12394,686,0.7116182572614108,57.38715931694987,0.9796455502510071,0.0,26.800234824916256,0.0373131058937699,0.08782622218132019,0.0
809,Control,4x,analysis/control_results_4x,2316,19872,1781,0.7689982728842832,56.88364584776607,0.9912014603614807,0.25,32.37700018784738,0.030886122685799267,0.05310440436005592,0.25
810,Control,4x,analysis/control_results_4x,1592,29924,1164,0.7311557788944724,55.47563691114642,0.9726555347442627,0.0,26.99454514108943,0.037044521208763094,0.1575026959180832,0.0
811,Control,4x,analysis/control_results_4x,2055,24094,1522,0.7406326034063261,56.56861127378436,0.9816906452178955,0.0,29.58437471016607,0.033801627034434845,0.09432439506053925,0.0
812,Control,4x,analysis/control_results_4x,1582,18627,1116,0.7054361567635904,55.33899596451004,0.9811491966247559,0.0,27.1882894243642,0.03678054122463002,0.09083342552185059,0.0
813,Control,4x,analysis/control_results_4x,1490,10000,1125,0.7550335570469798,54.42199373012119,0.9924612045288086,0.5,30.593072440379,0.03268713863077466,0.05372854322195053,0.5
814,Control,4x,analysis/control_results_4x,848,10267,601,0.7087264150943396,53.938885534067516,0.9854550361633301,0.5,28.016055147290835,0.0356938189456948,0.060914959758520126,0.5
815,Control,4x,analysis/control_results_4x,1931,6885,1492,0.7726566545831176,51.684305664841034,0.9960265755653381,0.75,33.516588839225705,0.02983597181672805,0.02749154157936573,0.75
816,Control,4x,analysis/control_results_4x,1295,12533,955,0.7374517374517374,53.623630700935244,0.987541913986206,0.0,31.309604571468434,0.03193908111223072,0.08561225235462189,0.0
817,Control,4x,analysis/control_results_4x,2235,12762,1685,0.7539149888143176,58.29381974811724,0.992917537689209,0.5,31.80439703218306,0.031442193322768985,0.04340573772788048,0.5
818,Control,4x,analysis/control_results_4x,2274,16839,1630,0.7167985927880387,57.327325629017835,0.9920964241027832,0.0,28.228091276901345,0.03542570378530291,0.04548525810241699,0.0
819,Control,4x,analysis/control_results_4x,2348,28353,1712,0.7291311754684838,57.04881588056266,0.9850971102714539,0.5,27.936762788180594,0.03579512800327306,0.07662559300661087,0.5
820,Control,4x,analysis/control_results_4x,2209,25618,1604,0.7261204164780444,56.06839572773907,0.9689825177192688,0.5,23.32432465417422,0.042873695801564644,0.10123412311077118,0.5
821,Control,4x,analysis/control_results_4x,3127,11657,2033,0.6501439078989447,53.18052783225829,0.9953500628471375,0.75,27.35533186282734,0.03655594474285584,0.027528181672096252,0.75
822,Control,4x,analysis/control_results_4x,3323,22913,2481,0.7466145049653927,55.718585007424224,0.990971028804779,0.5,29.727827522406844,0.033638515940872804,0.050183165818452835,0.5
823,Control,4x,analysis/control_results_4x,1646,14449,1201,0.7296476306196841,59.458648678662875,0.9791590571403503,1.0,25.761648104566554,0.03881739227012958,0.09633784741163254,1.0
824,Control,4x,analysis/control_results_4x,1131,7722,849,0.7506631299734748,52.18673972920619,0.9878599643707275,0.25,26.75357452917124,0.03737818282598582,0.0709187462925911,0.25
825,Control,4x,analysis/control_results_4x,2435,18979,1714,0.7039014373716632,56.65877073453772,0.9825939536094666,1.0,26.32985242109512,0.03797970394998544,0.06132856011390686,1.0
826,Control,4x,analysis/control_results_4x,1637,17714,1154,0.7049480757483201,55.74673285785953,0.965976893901825,0.75,24.094746116504776,0.04150282369296289,0.1228240579366684,0.75
827,Control,4x,analysis/control_results_4x,381,2792,281,0.7375328083989501,56.434393898872294,0.9798299670219421,0.0,31.910053437621674,0.031338086034698044,0.10943976044654846,0.0
828,Control,4x,analysis/control_results_4x,300,920,221,0.7366666666666667,43.58672280333161,0.9174022674560547,1.25,17.819854233805167,0.05611718181751169,0.3753872513771057,1.25
829,Control,4x,analysis/control_results_4x,869,6454,623,0.716915995397008,50.726995261867394,0.9590421319007874,0.5,27.347911027008745,0.03656586417194359,0.18800199031829834,0.5
830,Control,4x,analysis/control_results_4x,795,10184,567,0.7132075471698113,59.23909831677795,0.9579686522483826,1.5,24.869692944406857,0.04020958369833424,0.11059579998254776,1.5
831,Control,4x,analysis/control_results_4x,2106,13714,1560,0.7407407407407407,56.24765853545605,0.9847010970115662,0.5,28.465852404642952,0.035129810475546974,0.07872316241264343,0.5
832,Control,4x,analysis/control_results_4x,1915,17610,1401,0.7315926892950392,57.55937170267616,0.9908787608146667,1.0,29.516524309663392,0.03387932771178654,0.048921532928943634,1.0
833,Control,4x,analysis/control_results_4x,473,4203,364,0.7695560253699789,51.92901246626298,0.9906787872314453,0.25,31.78239316418597,0.03146396166059802,0.08696186542510986,0.25
834,Control,4x,analysis/control_results_4x,1399,21039,993,0.7097927090779128,53.63515986752774,0.97962886095047,0.0,25.651291871576504,0.03898439131278502,0.10677681118249893,0.0
835,Control,4x,analysis/control_results_4x,2843,39970,2055,0.7228279985930355,57.448950336507345,0.9551944136619568,0.0,23.44082111698187,0.04266062161429759,0.2256888598203659,0.0
836,Control,4x,analysis/control_results_4x,1561,14087,1105,0.7078795643818065,52.25160117127777,0.9678797721862793,0.5,24.639897042010528,0.040584585166692055,0.09440907835960388,0.5
837,Control,4x,analysis/control_results_4x,2754,20997,2036,0.739288307915759,56.22442751256328,0.982257068157196,0.5,25.278144817314594,0.03955986514148922,0.09608765691518784,0.5
838,Control,4x,analysis/control_results_4x,370,2084,303,0.8189189189189189,35.27188914837223,0.9948148727416992,0.0,38.36531918816238,0.026065207358122282,0.07923417538404465,0.0
839,Control,4x,analysis/control_results_4x,1765,16801,1281,0.7257790368271955,54.30642290379645,0.9893998503684998,0.0,29.549643253619344,0.0338413561008902,0.05241096019744873,0.0
840,Control,4x,analysis/control_results_4x,2988,23830,2224,0.7443105756358769,56.576135082424976,0.9890727996826172,0.5,28.448043254717877,0.035151802570257906,0.09183421730995178,0.5
841,Control,4x,analysis/control_results_4x,1532,15398,1109,0.7238903394255874,57.46461295759065,0.983285665512085,0.5,27.686855919419642,0.03611822169011965,0.0923875942826271,0.5
842,Control,4x,analysis/control_results_4x,1248,15461,929,0.7443910256410257,51.569736903655645,0.988853394985199,0.25,29.81844467394621,0.03353628973390914,0.06828682124614716,0.25
843,Control,4x,analysis/control_results_4x,196,404,164,0.8367346938775511,40.56510013632658,0.9991722106933594,1.5,38.68818208116114,0.025847686456349186,0.020907435566186905,1.5
844,Control,4x,analysis/control_results_4x,380,837,285,0.75,50.734044059117636,0.9988134503364563,0.0,39.92632170119282,0.025046133913461017,0.008986013010144234,0.0
845,Control,4x,analysis/control_results_4x,1734,15164,1072,0.6182237600922722,47.94780839579319,0.9585391879081726,1.0,22.69666198214519,0.04405934232913506,0.15825772285461426,1.0
846,Control,4x,analysis/control_results_4x,1695,10941,1250,0.7374631268436578,56.89231585063934,0.9623115062713623,0.25,23.829961361866406,0.04196397907720645,0.11720506101846695,0.25
847,Control,4x,analysis/control_results_4x,1748,15721,1290,0.7379862700228833,54.77441063832867,0.9805729389190674,0.0,26.69166020904258,0.037464885742147305,0.07468027621507645,0.0
848,Control,4x,analysis/control_results_4x,1449,10343,1075,0.7418909592822637,51.457427931275475,0.9770514965057373,0.0,26.396147153187755,0.0378843167601918,0.12041137367486954,0.0
849,Control,4x,analysis/control_results_4x,3556,34880,2575,0.7241282339707537,59.06395341493551,0.9775637984275818,0.0,21.066648899948504,0.04746839446317656,0.1253357082605362,0.0
850,Control,4x,analysis/control_results_4x,1418,10308,1048,0.7390691114245416,52.38772683289215,0.9833785891532898,0.0,28.027378451041464,0.03567939833355485,0.10468228161334991,0.0
851,Control,4x,analysis/control_results_4x,1290,9931,824,0.6387596899224807,61.673191971570546,0.9896846413612366,0.75,28.007760146567374,0.035704390310646095,0.0545169822871685,0.75
852,Control,4x,analysis/control_results_4x,553,11331,399,0.7215189873417721,54.23460396907682,0.979118287563324,0.0,30.25346062904097,0.03305406982234878,0.13939249515533447,0.0
853,Control,4x,analysis/control_results_4x,730,6144,555,0.7602739726027398,53.05672221527443,0.993041455745697,0.0,33.02053046404687,0.03028418944053038,0.04888257384300232,0.0
854,Control,4x,analysis/control_results_4x,1659,16694,1225,0.7383966244725738,59.55574430660326,0.9728045463562012,1.0,24.823887454791635,0.040283779155104685,0.11037024855613708,1.0
855,Control,4x,analysis/control_results_4x,1419,19104,1039,0.7322057787174067,50.30158118816152,0.9784005284309387,0.25,29.50701560223074,0.03389024540741422,0.20705777406692505,0.25
856,Control,4x,analysis/control_results_4x,1686,37466,1120,0.66429418742586,59.698614716104096,0.9604954719543457,0.75,24.62669315635629,0.04060634506025403,0.1484946310520172,0.75
857,Control,4x,analysis/control_results_4x,381,920,298,0.7821522309711286,48.954872016938744,0.9891330599784851,0.0,35.95940714046785,0.027809134786169042,0.1910856068134308,0.0
858,Control,4x,analysis/control_results_4x,1976,22466,1434,0.7257085020242915,56.08952787680606,0.9792309403419495,0.25,28.422632604130836,0.035183229292231846,0.08627957850694656,0.25
859,Control,4x,analysis/control_results_4x,2128,31185,1562,0.7340225563909775,55.57526634215698,0.9709513783454895,0.0,25.45749117726713,0.03928116847951513,0.13657620549201965,0.0
860,Control,4x,analysis/control_results_4x,3341,49691,2357,0.7054774019754565,58.156719122895964,0.9477532505989075,0.0,20.809722244379067,0.04805446167212111,0.26368483901023865,0.0
861,Control,4x,analysis/control_results_4x,1623,17895,1167,0.7190388170055453,56.49070490172712,0.9477477073669434,0.0,22.646925747486996,0.04415610362086185,0.18784752488136292,0.0
862,Control,4x,analysis/control_results_4x,538,4747,403,0.7490706319702602,51.77974593550633,0.9836490750312805,0.75,33.67684968392532,0.029693988879171244,0.15893378853797913,0.75
863,Control,4x,analysis/control_results_4x,1704,6178,1308,0.7676056338028169,51.97162572725104,0.9951996207237244,0.5,33.377155756002814,0.029960611602447642,0.03705515339970589,0.5
864,Control,4x,analysis/control_results_4x,2263,18443,1673,0.7392841361025188,55.382230813675704,0.9849622845649719,0.0,30.08148088374876,0.03324304424587822,0.07088291645050049,0.0
865,Control,4x,analysis/control_results_4x,2007,15903,1509,0.7518684603886397,54.068873510999026,0.9775498509407043,0.75,27.657192046600745,0.03615696048662709,0.12256991118192673,0.75
866,Control,4x,analysis/control_results_4x,2867,26525,2187,0.7628182769445413,54.491032005392036,0.9758746027946472,0.75,25.57759391404515,0.03909671892362326,0.10662953555583954,0.75
867,Control,4x,analysis/control_results_4x,2277,20254,1644,0.7220026350461133,52.69147410241937,0.9867861866950989,1.0,27.80048354709837,0.03597059735690725,0.06333719938993454,1.0
868,Control,4x,analysis/control_results_4x,490,4674,356,0.726530612244898,55.612047356166194,0.9962213039398193,1.5,31.145739115720495,0.03210712053692314,0.028170689940452576,1.5
869,Control,4x,analysis/control_results_4x,1764,19548,1305,0.7397959183673469,52.30232930293028,0.9743852615356445,1.25,23.924276370554228,0.041798547404793836,0.19238421320915222,1.25
870,Control,4x,analysis/control_results_4x,4279,32960,3174,0.741762093947184,57.7323509449469,0.9905415177345276,0.5,28.67662960105158,0.03487160150659162,0.06943581998348236,0.5
871,Control,4x,analysis/control_results_4x,1957,11823,1492,0.7623914154317833,52.570518854316376,0.993800163269043,0.0,31.226340957748803,0.03202424521505939,0.044645801186561584,0.0
872,Control,4x,analysis/control_results_4x,2361,32363,1695,0.7179161372299873,53.30473056950752,0.9752693772315979,0.75,23.74175466714067,0.04211988599916043,0.1338939666748047,0.75
873,Control,4x,analysis/control_results_4x,2192,22841,1551,0.7075729927007299,58.532988252830386,0.9586107134819031,0.0,23.95967814892647,0.04173678768906191,0.1653255820274353,0.0
874,Control,4x,analysis/control_results_4x,1103,11129,795,0.7207615593834995,53.029007440842925,0.9768264889717102,0.0,29.591706884905655,0.03379325173398791,0.09630520641803741,0.0
875,Control,4x,analysis/control_results_4x,2953,33962,2014,0.682018286488317,57.26961981409711,0.968390941619873,0.5,23.797718690135277,0.04202083456068938,0.12717068195343018,0.5
876,Control,4x,analysis/control_results_4x,2008,30699,1396,0.6952191235059761,54.46094103853477,0.9314811825752258,1.0,22.538267736114026,0.04436898219989008,0.2858402729034424,1.0
877,Control,4x,analysis/control_results_4x,648,2182,482,0.7438271604938271,49.67083551972733,0.9967934489250183,1.25,37.424744896113836,0.026720289016688513,0.035896047949790955,1.25
878,Control,4x,analysis/control_results_4x,2669,14316,2000,0.7493443237167479,53.6019788889885,0.9938592910766602,0.5,30.781589100704558,0.032486951753154,0.048697829246520996,0.5
879,Control,4x,analysis/control_results_4x,1593,14962,1161,0.7288135593220338,55.27988593974676,0.9846723675727844,0.25,26.77201239882395,0.03735244049281586,0.058832280337810516,0.25
880,Control,4x,analysis/control_results_4x,1199,16816,918,0.7656380316930775,54.862162899607405,0.9939743876457214,0.0,32.36564740237923,0.030896956503533093,0.038631659001111984,0.0
881,Control,4x,analysis/control_results_4x,955,13560,668,0.6994764397905759,54.45191767401324,0.9704846739768982,0.75,26.29994561798175,0.03802289231032789,0.10629267990589142,0.75
882,Control,4x,analysis/control_results_4x,1468,4875,1201,0.8181198910081744,47.851331774737815,0.9975308775901794,0.0,33.16237573774216,0.03015465501954066,0.01719791255891323,0.0
883,Control,4x,analysis/control_results_4x,2380,55858,1706,0.7168067226890756,55.76510774488326,0.9829651713371277,0.0,26.650634826466643,0.03752255833721844,0.08619542419910431,0.0
884,Control,4x,analysis/control_results_4x,2365,23474,1743,0.7369978858350952,54.3557618516516,0.9746034741401672,0.0,25.54288228636001,0.03914984960542232,0.09751908481121063,0.0
885,Control,4x,analysis/control_results_4x,1847,33229,1223,0.6621548456957228,49.99049205031438,0.9178275465965271,1.25,23.02759175230165,0.043426165043943345,0.20956510305404663,1.25
886,Control,4x,analysis/control_results_4x,617,3325,480,0.7779578606158833,48.652475304404895,0.9957341551780701,0.0,35.41558218851894,0.028236158724624354,0.10330498963594437,0.0
887,Control,4x,analysis/control_results_4x,1954,26755,1402,0.7175025588536336,56.74403742674244,0.9745140671730042,0.25,25.213237580123298,0.039661705357044025,0.11269436776638031,0.25
888,Control,4x,analysis/control_results_4x,1921,10479,1458,0.7589796980739199,54.70333913684055,0.9932366013526917,0.25,29.42048454705027,0.03398992285122854,0.05558240786194801,0.25
889,Control,4x,analysis/control_results_4x,3171,19736,2370,0.7473982970671712,56.162315077017126,0.9953190684318542,0.0,29.524839119684078,0.0338697865870268,0.02870965749025345,0.0
890,Control,4x,analysis/control_results_4x,1291,14939,942,0.7296669248644462,57.05604982806366,0.9662961959838867,0.25,25.811625504716705,0.038742232635339616,0.14786410331726074,0.25
891,Control,4x,analysis/control_results_4x,2348,13352,1772,0.7546848381601363,55.01556214548933,0.9801411032676697,0.25,25.275534905202676,0.03956395003114896,0.09268805384635925,0.25
892,Control,4x,analysis/control_results_4x,1503,5321,1119,0.7445109780439122,56.175464508893555,0.9876754879951477,0.5,27.285924977008843,0.03664893166871203,0.08211217075586319,0.5
893,Control,4x,analysis/control_results_4x,1146,3731,917,0.800174520069808,51.53987248071277,0.9870334267616272,0.25,32.60019554294774,0.03067466263147387,0.11528033018112183,0.25
894,Control,4x,analysis/control_results_4x,1237,12716,876,0.7081649151172191,54.40287131506558,0.9893999099731445,0.25,30.879938031037476,0.032383484675225005,0.048511847853660583,0.25
895,Control,4x,analysis/control_results_4x,1802,38251,1216,0.6748057713651499,59.283345104440265,0.9433009624481201,0.0,20.88378347559457,0.04788404367286372,0.19881512224674225,0.0
896,Control,4x,analysis/control_results_4x,465,1940,345,0.7419354838709677,47.307649436895396,0.9954478740692139,0.5,35.74440551390487,0.027976405975222936,0.03682103753089905,0.5
897,Control,4x,analysis/control_results_4x,6807,49123,5027,0.7385044806816512,33.61875078377914,0.9814190864562988,0.75,22.19132080303926,0.045062662510067575,0.06164023280143738,0.75
898,Control,4x,analysis/control_results_4x,757,7027,573,0.7569352708058125,56.80179891037067,0.9921903610229492,0.5,33.58046600676536,0.02977921747120879,0.06118621677160263,0.5
899,Control,4x,analysis/control_results_4x,1235,4002,970,0.7854251012145749,49.22196504356935,0.9902321696281433,0.0,27.671293083894902,0.036138535231012195,0.11837166547775269,0.0
900,Control,4x,analysis/control_results_4x,1441,13038,1047,0.7265787647467037,55.396422289162444,0.9780120849609375,0.5,26.02601083903106,0.03842309934414942,0.06383056938648224,0.5
